video_title,video_description,video_id
How Elon Musk‚Äôs Starlink Is Bringing In Billions For SpaceX,"Starlink is SpaceX‚Äôs answer to providing global, high-speed internet coverage using a network of thousands of satellites buzzing around the planet in a region known as low Earth orbit (LEO), about 342 miles above the Earth‚Äôs surface. SpaceX launched its first batch of Starlink satellites back in 2019, and since then, adoption of the service has ballooned. Starlink now has over 2 million active customers and is available on all 7 continents and in over 60 countries. Starlink has been praised for its ability to connect remote parts of the world that would otherwise not have access to reliable internet. The service has also become indispensable in areas hit by natural disasters, and, more recently, during times of war, particularly the Russia-Ukraine war. But Starlink‚Äôs growing influence is garnering condemnation from some who say that SpaceX CEO, Elon Musk is meddling in geopolitics, while the scientific community is raising alarms of the effect of thousands of satellites on radio and optical astronomy.

Chapters:
00:00 - 03:03 Intro
03:03 - 06:36 Behind Starlink‚Äôs growth
06:36 - 10:33 Starlink and geopolitics
10:33 - 15:35 Scientific concerns
15:35 - 18:38 Future

Produced and Edited by: Magdalena Petrova
Animation: Mallory Brangan
Supervising Producer: Jeniece Pettitt
Editorial Support: Michael Sheetz
Additional Footage: Getty Images

¬ª Subscribe to CNBC: https://cnb.cx/SubscribeCNBC
¬ª Subscribe to CNBC TV: https://cnb.cx/SubscribeCNBCtelevision

About CNBC: From 'Wall Street' to 'Main Street' to award winning original documentaries and Reality TV series, CNBC has you covered. Experience special sneak peeks of your favorite shows, exclusive video and more.

Connect with CNBC News Online
Get the latest news: https://www.cnbc.com/
Follow CNBC on LinkedIn: https://cnb.cx/LinkedInCNBC
Follow CNBC News on Facebook: https://cnb.cx/LikeCNBC
Follow CNBC News on Twitter: https://cnb.cx/FollowCNBC
Follow CNBC News on Instagram: https://cnb.cx/InstagramCNBC

#CNBC

How Elon Musk‚Äôs Starlink Is Bringing In Billions For SpaceX",SVgVzEVeP4Q
Watch CNBC's full interview with Berkshire Hathaway CEO Warren Buffett,"Berkshire Hathaway's chairman and CEO Warren Buffett sat down with CNBC's Becky Quick on Monday to answer viewer questions and discuss the top news stories of the morning.

For more Warren Buffett, check out Squawk Pod:
    
¬ª Subscribe on Google Play: https://play.google.com/music/m/Imbb7bptxdyljmmabn7svbhzd4m?t=Squawk_Pod
¬ª Subscribe on Apple Podcasts: https://podcasts.apple.com/us/podcast/ask-warren-buffett/id1480890290?i=1000466545028
¬ª Subscribe on Spotify: https://open.spotify.com/show/6zG3vq4UQ0xDRVOs8eGAMi?si=J39_0ed9RNSOASe5xCQFlA
¬ª Listen on Stitcher: https://www.stitcher.com/podcast/cnbc/squawk-pod/e/67565551

For access to live and exclusive video from CNBC subscribe to CNBC PRO: https://www.cnbc.com/pro/?__source=youtube
 
¬ª Subscribe to CNBC TV: https://cnb.cx/SubscribeCNBCtelevision
¬ª Subscribe to CNBC: https://cnb.cx/SubscribeCNBC
¬ª Subscribe to CNBC Classic: https://cnb.cx/SubscribeCNBCclassic
 
Turn to CNBC TV for the latest stock market news and analysis. From market futures to live price updates CNBC is the leader in business news worldwide.
 
Connect with CNBC News Online
Get the latest news: http://www.cnbc.com/
Follow CNBC on LinkedIn: https://cnb.cx/LinkedInCNBC
Follow CNBC News on Facebook: https://cnb.cx/LikeCNBC
Follow CNBC News on Twitter: https://cnb.cx/FollowCNBC
Follow CNBC News on Instagram: https://cnb.cx/InstagramCNBC
 
#CNBC
#CNBC TV",JvEas_zZ4fM
Why Starbucks Failed In Australia,"Starbucks can be found all over the world, from Shanghai to Guantanamo Bay. But there is one continent that was uninterested in the coffee giant. Australians largely rejected Starbucks' attempted takeover, which led to an embarrassing retreat for the brand.

¬ª Subscribe to CNBC: http://cnb.cx/SubscribeCNBC
About CNBC: From 'Wall Street' to 'Main Street' to award winning original documentaries and Reality TV series, CNBC has you covered. Experience special sneak peeks of your favorite shows, exclusive video and more.
Connect with CNBC News Online
Get the latest news: http://www.cnbc.com/
Find CNBC News on Facebook: http://cnb.cx/LikeCNBC
Follow CNBC News on Twitter: http://cnb.cx/FollowCNBC
Follow CNBC News on Google+: http://cnb.cx/PlusCNBC
Follow CNBC News on Instagram: http://cnb.cx/InstagramCNBC

#CNBC
#Starbucks


Why Starbucks Failed In Australia | CNBC",_FGUkxn5kZQ
Why does Japan work so hard? | CNBC Explains,"Japan has some of the longest working hours in the world. CNBC's Uptin Saiidi travels to Tokyo to understand its corporate culture and see explore how the government is trying to make a change.

-----

Subscribe to us on YouTube: http://cnb.cx/2wuoARM

Subscribe to CNBC Life on YouTube: http://cnb.cx/2wAkfMv

Like our Facebook page:
https://www.facebook.com/cnbcinternational

Follow us on Instagram:
https://www.instagram.com/cnbcinternational/

Follow us on Twitter:
https://twitter.com/CNBCi",9Y-YJEtxHeo
How Americans Are Tricked Into Buying Fake Food,"The food in your kitchen cabinets may not be what it seems. Fraudsters motivated by economic gain secretly infiltrate the global food market through a variety of means, including counterfeits, dilutions, substitution and mislabeling, according to the Global Food Safety Initiative. This may not only harm consumers‚Äô wallets, but it can also put public health and safety at risk. Some estimates say food fraud affects at least 1% of the global food industry at a cost as high as $40 billion a year, according to the FDA.

Produced by: Andrea Miller
Graphics by: Christina Locopo, Alex Wood
Additional Camera: Charlotte Morabito
Supervising Producer: Lindsey Jacobson

¬ª Subscribe to CNBC:¬†https://cnb.cx/SubscribeCNBC
¬ª Subscribe to CNBC TV:¬†https://cnb.cx/SubscribeCNBCtelevision

About CNBC: From 'Wall Street' to 'Main Street' to award winning original documentaries and Reality TV series, CNBC has you covered. Experience special sneak peeks of your favorite shows, exclusive video and more.

Connect with CNBC News Online
Get the latest news:¬†https://www.cnbc.com/
Follow CNBC on LinkedIn:¬†https://cnb.cx/LinkedInCNBC
Follow CNBC News on Facebook:¬†https://cnb.cx/LikeCNBC
Follow CNBC News on Twitter:¬†https://cnb.cx/FollowCNBC
Follow CNBC News on Instagram:¬†https://cnb.cx/InstagramCNBC

#CNBC

How Americans Are Tricked Into Buying Fake Food",-8xTVMtkqv4
Thor vs Hulk - Fight Scene - The Avengers (2012) Movie Clip HD,"Thor vs Hulk - Fight Scene - The Avengers (2012) Movie Clip 1080p HD

All material belongs to Disney and Marvel.
Fair use. 
Copyright Disclaimer Under Section 107 of the Copyright Act 1976, allowance is made for ""fair use"" for purposes such as criticism, comment, news reporting, teaching, scholarship, and research. Fair use is a use permitted by copyright statute that might otherwise be infringing. Non-profit, educational or personal use tips the balance in favor of fair use. No copyright infringement intended.",SLD9xzJ4oeU
Team Iron Man vs Team Cap - Airport Battle Scene - Captain America: Civil War - Movie CLIP HD,"Airport Battle Scene - Team Cap (Hawkeye, Falcon, Bucky Barnes, Ant-Man, Scarlet Witch) vs Team Iron Man (War Machine, Black Widow, Black Panther, The Vision, Spider-Man) - Spiderman vs Captain America - Captain America: Civil War (2016) Movie CLIP HD  [1080p]

TM & ¬© Disney (2016)

Fair use. 
Copyright Disclaimer Under Section 107 of the Copyright Act 1976, allowance is made for ""fair use"" for purposes such as criticism, comment, news reporting, teaching, scholarship, and research. Fair use is a use permitted by copyright statute that might otherwise be infringing. Non-profit, educational or personal use tips the balance in favor of fair use. No copyright infringement intended.",cfVY9wLKltA
Marvel Studios' Avengers: Infinity War Official Trailer,"""There was an idea‚Ä¶"" Avengers: Infinity War. In theaters April 27.

‚ñ∫ Subscribe to Marvel: http://bit.ly/WeO3YJ

Follow Marvel on Twitter: ‚Ä™https://twitter.com/marvel
Like Marvel on FaceBook: ‚Ä™https://www.facebook.com/Marvel

For even more news, stay tuned to:
Tumblr: ‚Ä™http://marvelentertainment.tumblr.com/
Instagram: https://www.instagram.com/marvel
Google+: ‚Ä™https://plus.google.com/+marvel
Pinterest: ‚Ä™http://pinterest.com/marvelofficial",6ZfuNTqbHE8
"Justice: What's The Right Thing To Do? Episode 01 ""THE MORAL SIDE OF MURDER""","To register for the 2015 course, visit https://www.edx.org/course/justice-harvardx-er22-1x-0. 

PART ONE: THE MORAL SIDE OF MURDER
If you had to choose between (1) killing one person to save the lives of five others and (2) doing nothing even though you knew that five people would die right before your eyes if you did nothing‚Äîwhat would you do?  What would be the right thing to do?  Thats the hypothetical scenario Professor Michael Sandel uses to launch his course on moral reasoning.  After the majority of students votes for killing the one person in order to save the lives of five others, Sandel presents three similar moral conundrums‚Äîeach one artfully designed to make the decision more difficult.  As students stand up to defend their conflicting choices, it becomes clear that the assumptions behind our moral reasoning are often contradictory, and the question of what is right and what is wrong is not always black and white. 

PART TWO: THE CASE FOR CANNIBALISM

Sandel introduces the principles of utilitarian philosopher, Jeremy Bentham, with a famous nineteenth century legal case involving a shipwrecked crew of four.  After nineteen days lost at sea, the captain decides to kill the weakest amongst them, the young cabin boy, so that the rest can feed on his blood and body to survive.   The case sets up a classroom debate about the moral validity of utilitarianism‚Äîand its doctrine that the right thing to do is whatever produces ""the greatest good for the greatest number.""",kBdfcR-8hEY
Optimistic Nihilism,"The philosophy of Kurzgesagt.


OUR CHANNELS
‚ñÄ‚ñÄ‚ñÄ‚ñÄ‚ñÄ‚ñÄ‚ñÄ‚ñÄ‚ñÄ‚ñÄ‚ñÄ‚ñÄ‚ñÄ‚ñÄ‚ñÄ‚ñÄ‚ñÄ‚ñÄ‚ñÄ‚ñÄ‚ñÄ‚ñÄ‚ñÄ‚ñÄ‚ñÄ‚ñÄ
German Channel: https://kgs.link/youtubeDE 
Spanish Channel: https://kgs.link/youtubeES 


HOW CAN YOU SUPPORT US?
‚ñÄ‚ñÄ‚ñÄ‚ñÄ‚ñÄ‚ñÄ‚ñÄ‚ñÄ‚ñÄ‚ñÄ‚ñÄ‚ñÄ‚ñÄ‚ñÄ‚ñÄ‚ñÄ‚ñÄ‚ñÄ‚ñÄ‚ñÄ‚ñÄ‚ñÄ‚ñÄ‚ñÄ‚ñÄ‚ñÄ
This is how we make our living and it would be a pleasure if you support us!

Get Merch designed with ‚ù§ from https://kgs.link/shop  
Join the Patreon Bird Army üêß https://kgs.link/patreon  


DISCUSSIONS & SOCIAL MEDIA
‚ñÄ‚ñÄ‚ñÄ‚ñÄ‚ñÄ‚ñÄ‚ñÄ‚ñÄ‚ñÄ‚ñÄ‚ñÄ‚ñÄ‚ñÄ‚ñÄ‚ñÄ‚ñÄ‚ñÄ‚ñÄ‚ñÄ‚ñÄ‚ñÄ‚ñÄ‚ñÄ‚ñÄ‚ñÄ‚ñÄ
Reddit:            https://kgs.link/reddit
Instagram:     https://kgs.link/instagram
Twitter:           https://kgs.link/twitter
Facebook:      https://kgs.link/facebook
Discord:          https://kgs.link/discord
Newsletter:    https://kgs.link/newsletter


OUR VOICE
‚ñÄ‚ñÄ‚ñÄ‚ñÄ‚ñÄ‚ñÄ‚ñÄ‚ñÄ‚ñÄ‚ñÄ‚ñÄ‚ñÄ‚ñÄ‚ñÄ‚ñÄ‚ñÄ‚ñÄ‚ñÄ‚ñÄ‚ñÄ‚ñÄ‚ñÄ‚ñÄ‚ñÄ‚ñÄ‚ñÄ
The Kurzgesagt voice is from 
Steve Taylor:  https://kgs.link/youtube-voice


OUR MUSIC ‚ô¨‚ô™
‚ñÄ‚ñÄ‚ñÄ‚ñÄ‚ñÄ‚ñÄ‚ñÄ‚ñÄ‚ñÄ‚ñÄ‚ñÄ‚ñÄ‚ñÄ‚ñÄ‚ñÄ‚ñÄ‚ñÄ‚ñÄ‚ñÄ‚ñÄ‚ñÄ‚ñÄ‚ñÄ‚ñÄ‚ñÄ‚ñÄ
700+ minutes of Kurzgesagt Soundtracks by Epic Mountain:

Spotify:            https://kgs.link/music-spotify
Soundcloud:   https://kgs.link/music-soundcloud
Bandcamp:     https://kgs.link/music-bandcamp
Youtube:          https://kgs.link/music-youtube
Facebook:       https://kgs.link/music-facebook

The Soundtrack of this video:
Soundcloud: http://bit.ly/2vZRSnI
Bandcamp: http://bit.ly/2tYuKUY
Facebook: http://bit.ly/2qW6bY4


Help us caption & translate this video!

http://www.youtube.com/timedtext_cs_panel?c=UCsXVk37bltHxD1rDPwtNM8Q&tab=2

Optimistic Nihilism",MBRqu0YOH14
Why Socrates Hated Democracy,"We‚Äôre used to thinking hugely well of democracy. But interestingly, one of the wisest people who ever lived, Socrates, had deep suspicions of it.  To buy books on philosopy and other themes from The School of Life, visit our online shop:  https://goo.gl/mQYmze
Join our exclusive mailing list: http://bit.ly/2e0TQNJ 


FURTHER READING

‚ÄúWe are used to thinking very highly of democracy ‚Äì and by extension, of Ancient Athens, the civilisation that gave rise to it. The Parthenon has become almost a byword for democratic values, which is why so many leaders of democracies like to be photographed among its ruins‚Ä¶‚Äù

You can read more on Philosophy and other topics on our blog TheBookofLife.org at this link: https://goo.gl/Sc9kXf 


MORE SCHOOL OF LIFE

Our website has classes, articles and products to help you think and grow: https://goo.gl/VY9gDt 

Watch more films on Philosophy in our playlist: 
http://bit.ly/TSOLphilosophy

Do you speak a different language to English?  Did you know you can submit Subtitles on all of our videos on YouTube?  For instructions how to do this click here: https://goo.gl/wE1wvm 


SOCIAL MEDIA

Feel free to follow us at the links below:

Download our App:  https://goo.gl/hjJSjx 
Facebook: https://www.facebook.com/theschooloflifelondon/  
Twitter: https://twitter.com/TheSchoolOfLife   
Instagram: https://www.instagram.com/theschooloflifelondon/ 


CREDITS

Produced in collaboration with:

Mike Booth 
http://www.youtube.com/somegreybloke #TheSchoolOfLife",fLJBzhcSWTk
What Is Consciousness?,"LEANBACK IS HERE: http://www.youtube.com/watch?v=JoR0bMohcNo&list=PLE3048008DAA29B0A&feature=plpp_play_all

Music courtesy of Jake Chudnow: http://www.soundcloud.com/jakechudnow

TWITTER: @tweetsauce
FACEBOOK: http://www.Facebook.com/VsauceGaming

Learn more:

Cleverbot: http://cleverbot.com/

Wikipedia on Consciousness: http://en.wikipedia.org/wiki/Consciousness

Philosophical ZOMBIES: http://plato.stanford.edu/entries/zombies/

NAMI on Anosognosia: http://www.nami.org/Content/NavigationMenu/Mental_Illnesses/Schizophrenia9/Anosognosia_Fact_Sheet.htm

Information is Beautiful on Consciousness Theories: http://www.informationisbeautiful.net/play/what-is-consciousness/

Google Books: Awarenes of Deficit After Brain Injury"": http://books.google.com/books?id=xze89PCLaWMC&lpg=PP1&pg=PA53#v=onepage&q&f=false

""What is consciousness"" conscious ""what is identity"" identity vsauce ""Michael Stevens"" brain neuroscience ""other minds""",qjfaoe847qQ
POLITICAL THEORY - Karl Marx,"Karl Marx remains deeply important today not as the man who told us what to replace capitalism with, but as someone who brilliantly pointed out certain of its problems. The School of Life, a pro-Capitalist institution, takes a look.  For books from The School of Life, visit our online shop:  https://goo.gl/O1tWri       



FURTHER READING

‚ÄúMost people agree that we need to improve our economic system somehow. It threatens our planet through excessive consumption, distracts us with irrelevant advertising, leaves people hungry and without healthcare, and fuels unnecessary wars. Yet we‚Äôre also often keen to dismiss the ideas of its most famous and ambitious critic, Karl Marx. This isn‚Äôt very surprising. In practice, his political and economic ideas have been used to design disastrously planned economies and nasty dictatorships. Frankly, the remedies Marx proposed for the ills of the world now sound a bit demented. He thought we should abolish private property. People should not be allowed to own things. At certain moments one can sympathise. But it‚Äôs like wanting to ban gossip or forbid watching television. It‚Äôs going to war with human behaviour. And Marx believed the world would be put to rights by a dictatorship of the proletariat; which does not mean anything much today. Openly Marxist parties received a total of only 1,685 votes in the 2010 UK general election, out of the nearly 40 million ballots cast‚Ä¶‚Äù

You can read more on this and many other topics on our blog TheBookofLife.org at this link: https://goo.gl/Rt3zri  

MORE SCHOOL OF LIFE

Our website has classes, articles and products to help you think and grow: https://goo.gl/93tGtZ     

Watch more films on POLITICAL THEORY in our playlist: 
http://bit.ly/2dma0Sn 

Do you speak a different language to English?  Did you know you can submit Subtitles on all of our videos on YouTube?  For instructions how to do this click here: https://goo.gl/1DEZOx    


SOCIAL MEDIA

Feel free to follow us at the links below:


Facebook: https://www.facebook.com/theschooloflifelondon/  

Twitter: https://twitter.com/TheSchoolOfLife   

Instagram: https://www.instagram.com/theschooloflifelondon/ 


CREDITS

Produced in collaboration with:

Mike Booth
http://www.YouTube.com/somegreybloke #TheSchoolOfLife",fSQgCy_iIcc
The philosophy of Stoicism - Massimo Pigliucci,"View full lesson: http://ed.ted.com/lessons/the-philosophy-of-stoicism-massimo-pigliucci

What is the best life we can live? How can we cope with whatever the universe throws at us and keep thriving nonetheless? The ancient Greco-Roman philosophy of Stoicism explains that while we may not always have control over the events affecting us, we can have control over how we approach things. Massimo Pigliucci describes the philosophy of Stoicism. 

Lesson by Massimo Pigliucci, animation by Compote Collective.",R9OCA6UFE-0
Existentialism: Crash Course Philosophy #16,"Now that we‚Äôve left behind the philosophy of religion, it‚Äôs time to start exploring what other ways might exist to find meaning in the world. Today we explore essentialism and its response: existentialism. We‚Äôll also learn about Jean-Paul Sartre and his ideas about how to find meaning in a meaningless world.

--

Taylor Swift drawing by Joezart: http://joezart.deviantart.com/art/Taylor-Swift-569846131 Graduate and proud parents by Christopher Brown: https://www.flickr.com/photos/xopherbrown/5621125839 
All other images and video either public domain or via VideoBlocks, Unsplash, or Wikimedia Commons, licensed under Creative Commons BY 4.0: https://creativecommons.org/licenses/by/4.0/

--

Produced in collaboration with PBS Digital Studios: http://youtube.com/pbsdigitalstudios

Crash Course Philosophy is sponsored by Squarespace.
http://www.squarespace.com/crashcourse

--

Want to find Crash Course elsewhere on the internet?
Facebook - http://www.facebook.com/YouTubeCrashC...
Twitter - http://www.twitter.com/TheCrashCourse
Tumblr - http://thecrashcourse.tumblr.com 
Support CrashCourse on Patreon: http://www.patreon.com/crashcourse

CC Kids: http://www.youtube.com/crashcoursekids",YaDvRdLMkHs
The Agricultural Revolution: Crash Course World History #1,"In which John Green investigates the dawn of human civilization. John looks into how people gave up hunting and gathering to become agriculturalists, and how that change has influenced the world we live in today. Also, there are some jokes about cheeseburgers.

Additional reading:
Nisa by Marjorie Shostak: https://bit.ly/3M5Ikyq
First Farmers by Peter Bellwood: https://bit.ly/3jHBNxL

Chapters:
About the Test  00:00
The Journey of a Double Cheeseburger 1:04
Early Humans: Hunting and Foraging 02:18
Advantages & Disadvantages of Agriculture 03:39
An Open Letter to Elephants 06:49
Why did the Agricultural Revolution Happen? 07:51
Credits 10:38

Crash Course is on Patreon! You can support us directly by signing up at http://www.patreon.com/crashcourse

Want to find Crash Course elsewhere on the internet?
Facebook - http://www.facebook.com/YouTubeCrashCourse
Twitter - http://www.twitter.com/TheCrashCourse
Instagram - https://www.instagram.com/thecrashcourse/

CC Kids: http://www.youtube.com/crashcoursekids",Yocja_N5s1I
Capitalism and Socialism: Crash Course World History #33,"In which John Green teaches you about capitalism and socialism in a way that is sure to please commenters from both sides of the debate. Learn how capitalism arose from the industrial revolution, and then gave rise to socialism. Learn about how we got from the British East India Company to iPhones and consumer culture in just a couple of hundred years. Stops along the way include the rise of industrial capitalism, mass production, disgruntled workers, Karl Marx, and the Socialist Beard. The socialist reactions to the ills of capitalism are covered as well, and John discusses some of the ideas of Karl Marx, and how they've been implemented or ignored in various socialist states. Plus, there are robots!

Chapters:
Introduction: Capitalism 00:00
What is Industrial Capitalism? 0:59
How did Industrial Capitalism begin? 3:04
Capitalism Increased Productivity 4:51 
Capitalism as a Cultural System 5:41
Criticisms of Capitalism 7:12
Socialism 7:59
An Open Letter to Karl Marx's Beard 9:12
Karl Marx's Ideology 10:23
Socialism vs. Industrial Capitalism Today 12:14
Credits 13:14

Resources:
The Relentless Revolution by Joyce Appelby: https://bit.ly/3OlIBPV
The Marx-Engels Reader: https://bit.ly/3M8o4fL

Crash Course is on Patreon! You can support us directly by signing up at http://www.patreon.com/crashcourse

Want to find Crash Course elsewhere on the internet?
Facebook - http://www.facebook.com/YouTubeCrashCourse
Twitter - http://www.twitter.com/TheCrashCourse
Instagram - https://www.instagram.com/thecrashcourse/

CC Kids: http://www.youtube.com/crashcoursekids",B3u4EFTwprM
"‚Äé2,000 Years of Chinese History! The Mandate of Heaven and Confucius: World History #7","In which John introduces you to quite a lot of Chinese history by discussing the complicated relationship between the Confucian scholars who wrote Chinese history and the emperors (and empress) who made it. Included is a brief introduction to all the dynasties in Chinese history and an introduction to Confucius and the Confucian emphasis on filial piety, the role the mandate of heaven played in organizing China, and how China became the first modern state.

Chapters:
Introduction: China 00:00
Dynasties of China 0:39
The Mandate of Heaven 3:08
The Qin Dynasty 4:59
Confucius and Confucianism 6:32
An Open letter to the Xia Dynasty 8:21
Ren and Li 9:17
The Problem with Early Written Chinese History 9:57
Credits 11:40

Crash Course is on Patreon! You can support us directly by signing up at http://www.patreon.com/crashcourse

Want to find Crash Course elsewhere on the internet?
Facebook - http://www.facebook.com/YouTubeCrashCourse
Twitter - http://www.twitter.com/TheCrashCourse
Instagram - https://www.instagram.com/thecrashcourse/

CC Kids: http://www.youtube.com/crashcoursekids",ylWORyToTo4
Python Machine Learning Tutorial (Data Science),"Python Machine Learning Tutorial  - Learn how to predict the kind of music people like. 
üëç Subscribe for more Python tutorials like this: https://goo.gl/6PYaGF
üëâ The CSV file used in this tutorial: https://bit.ly/3muqqta

üöÄ Learn Python in one hour: https://youtu.be/kqtD5dpn9C8
üöÄ Python (Full Course): https://www.youtube.com/watch?v=_uQrJ0TkZlc

Want to learn more from me? 

Courses: https://codewithmosh.com
Twitter: https://twitter.com/moshhamedani
Facebook: https://www.facebook.com/programmingwithmosh/
Blog: http://programmingwithmosh.com

#Python, #MachineLearning, #Jupyter

TABLE OF CONTENT 

0:00:00 Introduction
0:00:59 What is Machine Learning? 
0:02:58 Machine Learning in Action 
0:05:45 Libraries and Tools
0:10:40 Importing a Data Set
0:17:01 Jupyter Shortcuts
0:22:53 A Real Machine Learning Problem 
0:26:09 Preparing the Data
0:29:15 Learning and Predicting
0:33:20 Calculating the Accuracy
0:39:41 Persisting Models
0:42:55 Visualizing a Decision Tree",7eh4d6sabA0
"Advanced Algorithms (COMPSCI 224), Lecture 1","Logistics, course topics, word RAM, predecessor, van Emde Boas, y-fast tries.

Please see Problem 1 of Assignment 1
at http://people.seas.harvard.edu/~minilek/cs224/fall14/hmwk.html for
a corrected analysis of the space complexity of van Emde Boas trees",0JUN9aDxVmI
Robotics at Harvard,Harvard School of Engineering and Applied Sciences robotics faculty discuss their research and the opportunities they have for making a difference in the world.,cwteFOCBalg
A young Mark Zuckerberg's early mistake,"As he testifies before Congress, a look back at 60 Minutes' interview with Facebook's founder 10 years ago

Subscribe to the ""60 Minutes"" Channel HERE: http://bit.ly/1S7CLRu
Watch Full Episodes of ""60 Minutes"" HERE: http://cbsn.ws/1Qkjo1F
Get more ""60 Minutes"" from ""60 Minutes: Overtime"" HERE: http://cbsn.ws/1KG3sdr
Relive past episodies and interviews with ""60 Rewind"" HERE: http://cbsn.ws/1PlZiGI
Follow ""60 Minutes"" on Instagram HERE: http://bit.ly/23Xv8Ry
Like ""60 Minutes"" on Facebook HERE: http://on.fb.me/1Xb1Dao
Follow ""60 Minutes"" on Twitter HERE: http://bit.ly/1KxUsqX
Follow ""60 Minutes"" on Google+ HERE: http://bit.ly/1KxUvmG

Get unlimited ad-free viewing of the latest stories plus access to classic 60 Minutes archives, 60 Overtime, and exclusive extras. Subscribe to 60 Minutes All Access HERE: http://cbsn.ws/23XvRSS

Get the latest news and best in original reporting from CBS News delivered to your inbox. Subscribe to newsletters HERE: http://cbsn.ws/1RqHw7T

Get your news on the go! Download CBS News mobile apps HERE: http://cbsn.ws/1Xb1WC8

Get new episodes of shows you love across devices the next day, stream local news live, and watch full seasons of CBS fan favorites anytime, anywhere with CBS All Access. Try it free! http://bit.ly/1OQA29B

---
""60 Minutes,"" the most successful television broadcast in history. Offering hard-hitting investigative reports, interviews, feature segments and profiles of people in the news, the broadcast began in 1968 and is still a hit, 50 seasons later, regularly making Nielsen's Top 10. ""60 Minutes"" has won more Emmy Awards than any other primetime broadcast, including a special Lifetime Achievement Emmy. It has also won every major broadcast journalism award over its tenure, including 20 Peabody and 18 DuPont Columbia University awards for excellence in television broadcasting. Other distinguished awards won multiple times include the George Polk, RTNDA Edward R. Murrow, Investigative Reporters and Editors, RFK Journalism, Sigma Delta Chi and Gerald Loeb Awards for Distinguished Business and Financial Reporting. ""60 Minutes"" premiered on CBS Sept. 24, 1968. Jeff Fager is the program's executive producer. The correspondents and contributors of ""60 Minutes"" are Bill Whitaker, Steve Kroft, Lara Logan, Scott Pelley, Lesley Stahl, Anderson Cooper, Sharyn Alfonsi, Jon Wertheim, Norah O'Donnell and Oprah Winfrey. ""60 Minutes"" airs Sundays at 7 p.m. ET/PT. Check your local listings.",tMWJGs3CQ_Q
Mark Cuban: How I Became a Billionaire,"Bloomberg Game Changers profiles Dallas Mavericks' owner Mark Cuban. See how Cuban spun his love of basketball into a multi-billion dollar enterprise.
----------
Like this video? Subscribe to Bloomberg on YouTube: http://www.youtube.com/Bloomberg?sub_confirmation=1

Bloomberg is the First Word in business news, delivering breaking news & analysis, up-to-the-minute market data, features, profiles and more: http://www.bloomberg.com
Connect with us on...
Twitter: https://twitter.com/business
Facebook: https://www.facebook.com/bloombergbusiness
Instagram: https://www.instagram.com/bloombergbusiness/",vrl5PFB35Ec
From the 60 Minutes Archive: Steve Jobs,"On the 45th anniversary of the founding of Apple, a look back at the 2011 profile of Steve Jobs, which aired just weeks after his death.

""60 Minutes"" is the most successful television broadcast in history. Offering hard-hitting investigative reports, interviews, feature segments and profiles of people in the news, the broadcast began in 1968 and is still a hit, over 50 seasons later, regularly making Nielsen's Top 10.

Subscribe to the ‚Äú60 Minutes‚Äù YouTube channel: http://bit.ly/1S7CLRu
Watch full episodes: http://cbsn.ws/1Qkjo1F
Get more ‚Äú60 Minutes‚Äù from ‚Äú60 Minutes: Overtime‚Äù: http://cbsn.ws/1KG3sdr
Follow ‚Äú60 Minutes‚Äù on Instagram: http://bit.ly/23Xv8Ry
Like ‚Äú60 Minutes‚Äù on Facebook: http://on.fb.me/1Xb1Dao
Follow ‚Äú60 Minutes‚Äù on Twitter: http://bit.ly/1KxUsqX
Subscribe to our newsletter: http://cbsn.ws/1RqHw7T
Download the CBS News app: http://cbsn.ws/1Xb1WC8
Try Paramount+ free: https://bit.ly/2OiW1kZ

For video licensing inquiries, contact: licensing@veritone.com",c-JkrlVhs_0
Inside the home of Facebook CEO Mark Zuckerberg and wife Priscilla Chan,"Only on ‚ÄúCBS This Morning,‚Äù Facebook CEO Mark Zuckerberg and his wife, philanthropist Priscilla Chan, invited us into their home. They have never allowed a TV camera crew inside before. Gayle King was able to see first-hand who this couple is outside their Facebook lives. They discussed raising their two young daughters and how family inspires the work they do.

Watch ""CBS This Morning"" HERE: http://bit.ly/1T88yAR
Download the CBS News app on iOS HERE: https://apple.co/1tRNnUy
Download the CBS News app on Android HERE: https://bit.ly/1IcphuX
Like ""CBS This Morning"" on Facebook HERE: http://on.fb.me/1LhtdvI
Follow ""CBS This Morning"" on Twitter HERE: http://bit.ly/1Xj5W3p
Follow ""CBS This Morning"" on Instagram HERE: http://bit.ly/1Q7NGnY
Get new episodes of shows you love across devices the next day, stream local news live, and watch full seasons of CBS fan favorites anytime, anywhere with CBS All Access. Try it free! http://bit.ly/1OQA29B 
Each weekday morning, ""CBS This Morning"" co-hosts Gayle King, Anthony Mason and Tony Dokoupil deliver two hours of original reporting, breaking news and top-level newsmaker interviews in an engaging and informative format that challenges the norm in network morning news programs. The broadcast has earned a prestigious Peabody Award, a Polk Award, four News & Documentary Emmys, three Daytime Emmys and the 2017 Edward R. Murrow Award for Best Newscast. The broadcast was also honored with an Alfred I. duPont-Columbia Award as part of CBS News division-wide coverage of the shootings at Sandy Hook Elementary School in Newtown, Connecticut. Check local listings for ""CBS This Morning"" broadcast times.",LhQOn9IOmeE
Cooking A Whole Huge Ostrich! The Recipe Of The Dish That Everyone Was Waiting For,"Wilderness - üî™ Our special Knives and Cookware - https://bit.ly/3l7Nkrn

üîî Make sure that you have the bell turned on, so you will definitely not miss any of our videos!
 
üåê  Our other profiles:
     ‚ñ∂  Instagram: https://www.instagram.com/wilderness.cooking/
     ‚ñ∂  Facebook: https://www.facebook.com/wildernesscooking

If you want to support us: https://www.patreon.com/wildernesscooking

‚ùì ABOUT US:
Wilderness Cooking channel about cooking delicious dishes in the wild.
We live in a village and try to find very beautiful places to shoot.

‚è© A few ultimate-delicious recipes from my channel:
     ‚óº Guinea fowl cooking in oven: https://youtu.be/EPumgD3yvsI
     ‚óº Bull tail stew with chestnut: https://youtu.be/OZfiSGIeasQ
     ‚óº Chestnut dish with lamb meat: https://youtu.be/k-TqxsLSCmw
     ‚óº Bull heart dish recipe: https://youtu.be/gbLTabSJJhw
     ‚óº Liver kebab of lamb: https://youtu.be/kGeljNYSrNU
     ‚óº Cooking lamb  brains recipe: https://youtu.be/fCUi8doYdNY
     ‚óº Lamb testicles  kabob: https://youtu.be/IvuzVsct6xM
     ‚óº How to cook rabbit in the wilderness: https://youtu.be/2k44uYUx8rY
     ‚óº Vegetables and lamb bbq kebab: https://youtu.be/GpzdzpfXBBc
     ‚óº The best buglama recipe: https://youtu.be/CaXHmGY9Y4E
     ‚óº Spicy lamb shish kebabs recipes: https://youtu.be/ElqRSrhqaIQ
     ‚óº Garlic Grill Lamb Caucasian style: https://youtu.be/nggcoUbK6Ac

#ostrich #food #village",WrzFMlX1-dU
Kitchen Nightmare's Most Ridiculous Moments,"From Amy's Baking Company to a pigeon in a kitchen. 

Order Ramsay in 10 Now to get the Full Recipe: http://hyperurl.co/Ramsayin10
Made with Hexclad - Get Cookin' with HexClad today: http://www.hexclad.com

Follow Gordon: 
TikTok: https://www.tiktok.com/@gordonramsayo...
Instagram: http://www.instagram.com/gordongram 
Twitter: http://www.twitter.com/gordonramsay   
Facebook: http://www.facebook.com/GordonRamsay

#GordonRamsay #Food #Cooking #KitchenNightmares",QqLgmequ7Bk
Gordon Ramsay Amazed By Caviar Farm | Gordon Ramsay,"Gordon heads to Spain to visit a sustainable sturgeon farm, and experiences first hand how much caviar Can be produced from just one fish. He then whips up a lobster and potato salad with truffle mayonnaise and caviar to top it all off. Indulgent.
Order Ramsay in 10 Now to get the Full Recipe: http://hyperurl.co/Ramsayin10
Made with Hexclad - Get Cookin' with HexClad today: http://www.hexclad.com

Follow Gordon: 
TikTok: https://www.tiktok.com/@gordonramsayo...
Instagram: http://www.instagram.com/gordongram 
Twitter: http://www.twitter.com/gordonramsay   
Facebook: http://www.facebook.com/GordonRamsay

#GordonRamsay #Food #Cooking #Caviar",88aDJFdUjH4
RAW Lamb & Half A Pre-Packaged Cake Leaves Gordon Furious | Hotel Hell,"And things kick off when there's a confrontation with the owner and chef...

Order Ramsay in 10 Now to get the Full Recipe: http://hyperurl.co/Ramsayin10
Made with Hexclad - Get Cookin' with HexClad today: http://www.hexclad.com

Follow Gordon: 
TikTok: https://www.tiktok.com/@gordonramsayo...
Instagram: http://www.instagram.com/gordongram 
Twitter: http://www.twitter.com/gordonramsay   
Facebook: http://www.facebook.com/GordonRamsay

#GordonRamsay #Food #Cooking #HotelHell",4NnJ-7Y6qwo
Gordon Ramsay Catches King Crab | Gordon Ramsay,"Gordon heads to arctic Norway to catch the dangerous and delicious king crab.
From Gordon Ramsay's The F Word

Order Ramsay in 10 Now to get the Full Recipe: http://hyperurl.co/Ramsayin10
Made with Hexclad - Get Cookin' with HexClad today: http://www.hexclad.com

Follow Gordon: 
TikTok: https://www.tiktok.com/@gordonramsayo...
Instagram: http://www.instagram.com/gordongram 
Twitter: http://www.twitter.com/gordonramsay   
Facebook: http://www.facebook.com/GordonRamsay

#GordonRamsay #Food #Cooking #Crab",p6ff-ShY5Bw
How To Make Slow Roasted Pork Belly | Gordon Ramsay,"Slow-roasting really locks in the flavours, and the end result will be a delicious crispy delight perfect to share with family and friends. 

Order Ramsay in 10 Now to get the Full Recipe: http://hyperurl.co/Ramsayin10
Made with Hexclad - Get Cookin' with HexClad today: http://www.hexclad.com

Follow Gordon: 
TikTok: https://www.tiktok.com/@gordonramsayo...
Instagram: http://www.instagram.com/gordongram 
Twitter: http://www.twitter.com/gordonramsay   
Facebook: http://www.facebook.com/GordonRamsay

#GordonRamsay #Food #Cooking #Pork 
http://www.youtube.com/gordonramsay
http://www.youtube.com/kitchennightmares
http://www.youtube.com/thefword",9biIOtEYeHc
Audi skysphere - Wild Roadster with a Variable Wheelbase!,"Audi skysphere - Interior, Exterior and Features

Power: 465 kW 
Torque: 750 Nm 
Range (WLTP): 500 km 
0-100 (km/h): 4 s 
Weight (kg): 1.800
L/W/H ""Sports"" mode (m): 4.94/2.00/1.23
L/W/H ""Grand Touring"" mode (m): 5.19/2.00/1.24
Rear-wheel steering and adaptive air suspension

More information about Audi skysphere: https://www.audi-mediacenter.com/

Music: 
1. About Horror Trailer by SilverSunMusic https://audiojungle.net/item/about-horror-trailer/28795794?s_rank=36
2,3. Envato Elements

#audi
#audiskysphere
#conceptcars",GhUfIXRkUF8
2021 Lamborghini Urus VENATUS - WILD Super SUV from MANSORY!,"MANSORY Lamborghini Urus VENATUS (2021) - Sound, Interior and Exterior

Engine: V8, 4.0 L, 820 Ps, 1000 NM

More information about this URUS: https://www.mansory.com/
https://www.instagram.com/mansory/

0-100 (km/h): 3.3 s
Top Speed: 320 km/h
Price Gross: ‚Ç¨440.998
Price Net: ‚Ç¨380.171

Exterior paintwork: Nero Noctis

Music: 
1. Hybrid Epic Trailer By ArchitectSound https://audiojungle.net/item/epic-hybrid-trailer/23196754
2,3 Envato Elements",Piw67Dl_VaM
2020 BMW M8 Gran Coupe - Wild Car!,"BMW M8 Gran Coupe (2020) by Ramon Performance - Sound, Interior and Exterior

Thanks to:
Ramon Performance: https://www.instagram.com/ramon_performance/  
Refresh Detailing: https://www.instagram.com/refresh_detailing76/

Engine: V8, 4.4 L, 600 Hp, 750 Nm
0-100 (km/h): 3.3 s
Top Speed: 305 km/h
Base Price: $130.000

Music: 
1. Cinematic Rock Trailer by Anuch https://audiojungle.net/item/cinematic-rock-trailer/26232582
2. Reverie by Nomyn https://soundcloud.com/nomyn

0:00 Exterior
1:24 Exhaust Sound
1:50 Interior",O88Mm06G9ko
Me at the zoo,"Chapters:

00:00 Intro
00:05 The cool thing
00:17 End",jNQXAC9IVRw
"J. Robert Oppenheimer: ""I am become Death, the destroyer of worlds.""","The profound moment when science met conscience. Step into the mind of the excellent physicist J. Robert Oppenheimer, who spoke these haunting words after witnessing the first successful test of the atomic bomb.

In a 1965 television broadcast discussing the aftermath of the Trinity Test, J. Robert Oppenheimer said, ""We knew the world would not be the same. A few people laughed, a few people cried. Most people were silent."" Recalling a verse from the Hindu scripture, the Bhagavad-Gita, where Vishnu assumes his multi-armed form to impress upon the price the gravity of his duty, stating, ""Now I am become death, the destroyer of worlds. I suppose we all thought that, one way or another.""

The quote derives from the Bhagavad Gita, an ancient Hindu text containing 700 verses, dating back to the first millennium BCE. The scripture revolves around a conversation between Prince Arjuna and Lord Krishna, an incarnation o the deity Vishnu. Arjuna grapples with reluctance to engage in a concept without an exact English equivalent. At one juncture in the scripture, Arjuna implores Krishna to reveal his divine form, often described as a ""multi-armed form.""

One translation of this moment in the text portrays what Arjuna witnesses as follows: ""If hundreds of thousands of suns rose up at once into the sky, they might resemble the effulgence of the Supreme Person in that universal form.""

This vision of the suns going up into the sky helps understand why it may create thoughts of witnessing a nuclear explosion. 

Subscribe to us on YouTube: https://www.youtube.com/Plenilunepictures?sub_confirmation=1

Our social media sites:
https://www.instagram.com/plenilunepictures/
https://twitter.com/PleniluneStudio",lb13ynu3Iac
I Built 100 Wells In Africa,"Click the link below to donate 
https://www.beastphilanthropy.org/campaign/mrbeast-100-wells

Verizon 5G Home Internet for as low as $35/month. Opt-in and you could get a $200 Amazon.com gift card on Verizon see details at: https://bit.ly/mrbeastverizon

New Merch - https://mrbeast.store 

SUBSCRIBE OR I TAKE YOUR DOG 
‚ïî‚ïê‚ï¶‚ïó‚ïî‚ï¶‚ïó‚ïî‚ïê‚ï¶‚ïê‚ï¶‚ï¶‚ï¶‚ï¶‚ïó‚ïî‚ïê‚ïó 
‚ïë‚ïö‚ï£‚ïë‚ïë‚ïë‚ïö‚ï£‚ïö‚ï£‚ïî‚ï£‚ïî‚ï£‚ïë‚ïö‚ï£‚ïê‚ï£ 
‚ï†‚ïó‚ïë‚ïö‚ïù‚ïë‚ïë‚ï†‚ïó‚ïë‚ïö‚ï£‚ïë‚ïë‚ïë‚ïë‚ïë‚ïê‚ï£ 
‚ïö‚ïê‚ï©‚ïê‚ïê‚ï©‚ïê‚ï©‚ïê‚ï©‚ïê‚ï©‚ïù‚ïö‚ï©‚ïê‚ï©‚ïê‚ïù 

For any questions or inquiries regarding this video, please reach out to chucky@mrbeastbusiness.com 

---------------------------------------------------------------- 
follow all of these or i will kick you 
‚Ä¢ Facebook - https://www.facebook.com/MrBeast6000/ 
‚Ä¢ Twitter - https://twitter.com/MrBeast 
‚Ä¢ Instagram - https://www.instagram.com/mrbeast 
‚Ä¢ Im Hiring! - https://www.mrbeastjobs.com/ 
-------------------------------------------------------------------- 

Amazon.com Gift Card Disclaimer: Must activate or install eligible Verizon Home Internet service & register for the card w/in 60 days of activation or installation. Card emailed within 24-48 hours of registration. Other card terms and conditions apply. Restrictions apply, see amazon.com/gc-legal. Offer ends 1.17.24. Verizon reserves the right to charge back the value of the promotional Amazon.com Gift Card if eligible service is canceled w/in 180 days.",mwKJfNYwvm8
World‚Äôs Deadliest Laser Maze!,"I can‚Äôt believe what happened at the end‚Ä¶
Drink PRIME Hydration, now at Walmart, Target, 7-Eleven, and Kroger Family Stores. For more information on PRIME and where it is sold, visit https://drinkprime.com

Verizon 5G Home Internet for as low as $35/month. Opt-in and you could get a $200 Amazon.com gift card on Verizon see details at: https://bit.ly/mrbeastverizon

Thanks to Greyscale Fonts for supplying some of the SFX used in this video
https://www.greyscalefonts.com

New Merch - https://mrbeast.store

SUBSCRIBE OR I TAKE YOUR DOG
‚ïî‚ïê‚ï¶‚ïó‚ïî‚ï¶‚ïó‚ïî‚ïê‚ï¶‚ïê‚ï¶‚ï¶‚ï¶‚ï¶‚ïó‚ïî‚ïê‚ïó
‚ïë‚ïö‚ï£‚ïë‚ïë‚ïë‚ïö‚ï£‚ïö‚ï£‚ïî‚ï£‚ïî‚ï£‚ïë‚ïö‚ï£‚ïê‚ï£ 
‚ï†‚ïó‚ïë‚ïö‚ïù‚ïë‚ïë‚ï†‚ïó‚ïë‚ïö‚ï£‚ïë‚ïë‚ïë‚ïë‚ïë‚ïê‚ï£
‚ïö‚ïê‚ï©‚ïê‚ïê‚ï©‚ïê‚ï©‚ïê‚ï©‚ïê‚ï©‚ïù‚ïö‚ï©‚ïê‚ï©‚ïê‚ïù

For any questions or inquiries regarding this video, please reach out to chucky@mrbeastbusiness.com

----------------------------------------------------------------
follow all of these or i will kick you
‚Ä¢ Facebook - https://www.facebook.com/MrBeast6000/
‚Ä¢ Twitter - https://twitter.com/MrBeast
‚Ä¢  Instagram - https://www.instagram.com/mrbeast
‚Ä¢  Im Hiring! - https://www.mrbeastjobs.com/
--------------------------------------------------------------------

Mr Beast purchased this music license using Lickd.
Discover over 1 million mainstream tracks for your YouTube videos at: https://go.lickd.co/Beast4
Track: Let's Get Ready To Rumble License ID: B70JoWw4mgX
https://lickd.lnk.to/MrBeastRumbleID
Track: Tasman Sea by Tom Holkenborg
License ID: lBXVxzGl0w3
https://lickd.lnk.to/MrBeastTasmanSeaID 

Amazon.com Gift Card Disclaimer: Must activate or install eligible Verizon Home Internet service & register for the card w/in 60 days of activation or installation. Card emailed within 24-48 hours of registration. Other card terms and conditions apply. Restrictions apply, see amazon.com/gc-legal. Offer ends 1.17.24. Verizon reserves the right to charge back the value of the promotional Amazon.com Gift Card if eligible service is canceled w/in 180 days.",QjvpjXdgugA
SKELETON BONES SONG - LEARN IN 3 MINUTES!!!,"HAPPY HALLOWEEN! Here's a song for you to memorize the bones in 3 minutes!

The skeleton has 2-0-6 bones in an adult,
Babies have 2-70, which fuse for this result.
The skeleton is divided into two main zones,
Which are called the axial and appendicular bones.
 
The axial skeleton is topped by the skull,
Your brain is in the cranium, which acts as a hull.
The mandible or jawbone is able to expand,
Which is useful for talking, as you can understand.
 
The ossicles are small bones, found inside your ear,
The maleus, incus, stapes, which all help you hear.
Sound waves are amplified by these three bones,
And then move to the cochlea, which discerns the tones!

The rib cage helps to protect the lungs and the heart,
With 12 ribs on each side, the sternum in the front.
Your vertebral column, made up of vertebrae,
Are stacked up very neatly, in a vertical array.
 
The cervical vertebrae make up your neck,
The spinal chord keeps your reflexes on deck!
The ribs are supported by thoracic vertebrae, 
Lumbar ones are at the end of the spinal cord pathway!
 
Five sacral vertebrae are fused to form your sacrum,
Which holds your upper body, and is found in your bum.
Below it is the coccyx, or the tailbone,
In humans the coccyx has not really grown.
 
The appendicular skeleton  - a  126  bones,
In shoulders, arms, and legs, as we have here shown,
Your scapula, also known, as your shoulder blade,
Next to the clavicle, or collarbone, is laid.
 
You have three arm bones, one above and two below,
Here they come together, to meet at the elbow.
The bones of the forearm are the ulna and the radius,
The humerus in the upper arm, so don‚Äôt you forget this.
 
You have 54 bones in one hand and one wrist,
Of carpals, metacarpals, and phalanges these consist.
The proximal, intermediate, and distal phalanges,
Make up your fingers, which you can move with ease.
 
Remember that your hands are where you find the carpals,
And the feet are where you will find all your tarsals.
The hip bone can be divided into three,
The ilium, ischium, and pubis, as you can see!
 
The bones in your leg? Well, there are four,
The patella is your kneecap, and then there are three more,
The tibia and fibula are found below the knee,
And the femur‚Äôs found above it, as we can all agree!
 
There are 52 bones, in your ankles and your feet,
Once you know the hand bones, these will be a treat!
There are the tarsals, metatarsals, and phalanges,
Remember that they are proximal, intermediate, and distal!

Music/Lyrics/Visual ¬© Neural Academy

3D models:
https://videohive.net/item/skeleton-street-dance-/24358994
https://videohive.net/item/human-skeleton-transforming-2/19767274
https://videohive.net/item/running-human-skeleton-2pack/22684573
https://videohive.net/item/ear-anatomy-2k/23878870
https://videohive.net/item/skeleton-sexy-dance/18743642
https://videohive.net/item/skeleton-dubstep-dance/18594801",WdCRrcfan44
"Why Grantham Says the Next Crash Will Rival 1929, 2000","Jan.22 -- Jeremy Grantham, co-founder and chief investment strategist of Boston‚Äôs GMO, believes U.S. stocks have become an epic bubble and will burst in a collapse rivaling the crashes of 1929 and 2000. In this interview, he explains why, discusses the futility of Federal Reserve policy, criticizes the state of American capitalism, and shares his thoughts on gold, Bitcoin, emerging markets and climate change. He spoke exclusively to Erik Schatzker on Bloomberg‚Äôs ‚ÄúFront Row.‚Äù",RYfmRTyl56w
Why Crypto Matters: Matt Levine's Crypto Story,"Crypto has been the most polarizing topic in finance for years. Bloomberg Opinion columnist Matt Levine looks at why‚Äîdespite even this summer's steep selloff‚Äîcrypto continues to matter. Read the story at https://www.bloomberg.com/thecryptostory

 --------
Bloomberg Quicktake is Bloomberg's official premium video channel. We bring you insights and analysis from business, science, and technology experts who are shaping our future. We‚Äôre home to Hello World, Giant Leap, Storylines, and the series powering CityLab, Bloomberg Businessweek, Bloomberg Green, and much more.

Subscribe to our channel for more:
https://www.youtube.com/BloombergTV?sub_confirmation=1

Visit our partner channel Bloomberg Quicktake Now for breaking global news: https://www.youtube.com/channel/UChirEOpgFCupRAk5etXqPaA

QUICKTAKE ON SOCIAL:
Follow Quicktake on Twitter: twitter.com/quicktake
Like Quicktake on Facebook: facebook.com/quicktake
Follow Quicktake on Instagram: instagram.com/quicktake
Subscribe to our newsletter: https://bit.ly/2FJ0oQZ
Email us at quicktakenews@gmail.com",Gf7s9pbOEpk
"Trump: U.S. ‚ÄòSo Weak‚Äô Philippines Left for China, Russia","Oct. 21 -- At a rally in Fletcher, North Carolina, Donald Trump said that the Philippines have ‚Äúbroken with decades of pro-American foreign policy to instead leave for the orbit of China and Russia.‚Äù The GOP nominee attacked President Obama for spending too much time campaigning for Hillary Clinton instead of working. ‚ÄúOur economy isn‚Äôt growing at all,‚Äù he added.",d_9ZsZ3foho
Congratulations,"Roomie‚Äôs video: https://www.youtube.com/watch?v=ojvqIumZtnU
Dave‚Äôs BTS video: https://www.youtube.com/watch?v=3E_1fspZQ4c
Stream ‚ÄúCongratulations‚Äù: http://smarturl.it/CongratulationsPewds

Credits:
Music & Lyrics: David Paul Brown
Music & Lyrics: Joel Gustaf ‚ÄúRoomie‚Äù Berghult
Music & Lyrics: Felix Arvid Ulf Kjellberg

Filmed & edited by http://youtube.com/JonasTheFrisk?sub_confirmation=1
Mixed by Eric Johansson at http://binadio.com/
Beat production by Apollo V
Beat modification & vocal production by Joel Gustaf ‚ÄúRoomie‚Äù Berghult

--

N E W  M E R C H  : https://represent.com/pewdiepie üî• (‚ó°‚Äø‚ó°‚úø)
Submit M E M E S: https://www.reddit.com/r/PewdiepieSubmissions/ ‡ºº‚ô•ŸÑÕú‚ô•‡ºΩ 
__
TSUKI: https://tsuki-co-uk.myshopify.com
__
:::::::My Setup:::::::: (Affiliate links)
Chair:: ONLY 399 !
USA & Asia: https://usa.clutchchairz.com/product/pewdiepie-edition-throttle-series/
Europe: https://europe.clutchchairz.com/en/product/throttle-series-pewdiepie-edition/
Canada: https://canada.clutchchairz.com/product/throttle-series-pewdiepie-edition/
Elgato green screen: http://e.lga.to/PewDiePie (Affiliate)
__
:::::::Check out: ::::::::http://store.steampowered.com/app/703840/Animal_Super_Squad/
(A game I helped make and affiliated with)
__
Outro:
Animation: https://www.youtube.com/user/jae55555
Song: https://www.youtube.com/channel/UC3e8EMTOn4g6ZSKggHTnNng",PHgc8Q6qTjc
"YouTube Rewind 2018, but it's actually good","YouTube Rewind 2018. Celebrating the actual videos, people, music and moments that defined 2018. #YouTubeRewind
SUBSCRIBE TO:
FlyingKitty: https://www.youtube.com/channel/UCYQT13AtrJC0gsM1far_zJg
Grandayy: https://www.youtube.com/channel/UCa6TeYZ2DlueFRne5DyAnyg
Dolan Dark: https://www.youtube.com/user/BlackIceShredder
Partyinbackyard: https://www.youtube.com/channel/UCIaIVpEocfuQ9fhBT1rsKrQ
____________________________________________
Extra credits:
Ali A's intro: https://www.youtube.com/watch?v=u86pVtqn_kk
Hit or miss: https://www.youtube.com/watch?v=3w-C0-zVaW8
Megalovania: https://tobyfox.bandcamp.com/album/undertale-soundtrack
Crab rave: https://www.youtube.com/watch?v=LDU_Txk06tM",By_Cn5ixYLg
Taylor Swift - Shake It Off,"‚ñ∫Exclusive Merch: https://store.taylorswift.com
 
‚ñ∫Follow Taylor Swift Online
Instagram: http://www.instagram.com/taylorswift
Facebook: http://www.facebook.com/taylorswift
Tumblr: http://taylorswift.tumblr.com
Twitter: http://www.twitter.com/taylorswift13
Website: http://www.taylorswift.com
 
‚ñ∫Follow Taylor Nation Online
Instagram: http://www.instagram.com/taylornation
Tumblr: http://taylornation.tumblr.com
Twitter: http://www.twitter.com/taylornation13",nfWlot6h_JM
Taylor Swift - Blank Space,"‚ñ∫Exclusive Merch: https://store.taylorswift.com
 
‚ñ∫Follow Taylor Swift Online
Instagram: http://www.instagram.com/taylorswift
Facebook: http://www.facebook.com/taylorswift
Tumblr: http://taylorswift.tumblr.com
Twitter: http://www.twitter.com/taylorswift13
Website: http://www.taylorswift.com
 
‚ñ∫Follow Taylor Nation Online
Instagram: http://www.instagram.com/taylornation
Tumblr: http://taylornation.tumblr.com
Twitter: http://www.twitter.com/taylornation13",e-ORhEE9VVg
Taylor Swift - Bad Blood ft. Kendrick Lamar,"‚ñ∫Exclusive Merch: https://store.taylorswift.com
 
‚ñ∫Follow Taylor Swift Online
Instagram: http://www.instagram.com/taylorswift
Facebook: http://www.facebook.com/taylorswift
Tumblr: http://taylorswift.tumblr.com
Twitter: http://www.twitter.com/taylorswift13
Website: http://www.taylorswift.com
 
‚ñ∫Follow Taylor Nation Online
Instagram: http://www.instagram.com/taylornation
Tumblr: http://taylornation.tumblr.com
Twitter: http://www.twitter.com/taylornation13",QcIy9NiNbmo
How Short Selling Works,"If you'd like to support the channel, you can do so at Patreon.com/ThePlainBagel :)

Short selling lets investors bet against a stock, profiting when it falls in price, but how exactly does a short work? We'll discuss the process and the risks it entails in today's video!

Intro/Outro Music: https://www.bensound.com/royalty-free-music

DISCLAIMER:
This channel is for education purposes only and is not affiliated with any financial institution. Richard Coffin is not registered to provide investment advice and as such does not provide recommendations on The Plain Bagel - those looking for investment advice should seek out a registered professional. Richard is not responsible for investment actions taken by viewers.",CAs_aX95tVQ
Questions No One Knows the Answers to (Full Version),"Sign up for our newsletter and never miss an animation: http://bit.ly/TEDEdNewsletter

In the first of a new TED-Ed series designed to catalyze curiosity, TED Curator Chris Anderson shares his boyhood obsession with quirky questions that seem to have no answers. (Introducing the series ""Questions no one knows the answers to"")

""Questions No One Knows the Answers to"" was animated by Andrew Park (http://www.cognitivemedia.co.uk)",7SWvDHvWXok
The Infinite Hotel Paradox - Jeff Dekofsky,"Sign up for our newsletter and never miss an animation: http://bit.ly/TEDEdNewsletter

View full lesson: http://ed.ted.com/lessons/the-infinite-hotel-paradox-jeff-dekofsky

Want more? Try to solve the buried treasure riddle: https://www.youtube.com/watch?v=tCeklW2e6_E

The Infinite Hotel, a thought experiment created by German mathematician David Hilbert, is a hotel with an infinite number of rooms. Easy to comprehend, right?  Wrong. What if it's completely booked but one person wants to check in? What about 40? Or an infinitely full bus of people? Jeff Dekofsky solves these heady lodging issues using Hilbert's paradox.

Lesson by Jeff Dekofsky, animation by The Moving Company Animation Studio.",Uj3_KqkI9Zo
